"ID","Sex","Twin","Horn","BirthYear","BirthWt","DaysSinceBirth","MumID","MumAge","PopSize","IGF1","PlateNumber","ELISARunDate","StorageTime","CapHour_Tertiles","Weight","ForeLeg","HornLen","BredAsAYearling","Survival"
118,2,0,3,2016,2.150000095,110,117,4,444,851.1814639,1,"7/3/2024",7,"Morning",15.3,107,130,0,0
114,1,0,1,2016,2.400000095,108,126,4,444,706.00194045,1,"7/3/2024",7,"Afternoon",12.7,108,NA,0,1
162,2,0,3,2016,NA,108,261,3,444,841.6779065,1,"7/3/2024",7,NA,12,106,128,0,0
137,1,0,3,2016,2.5,110,144,3,444,629.33460545,1,"7/3/2024",7,"Evening",13.1,115,62,1,0
136,2,0,3,2016,3.099999905,110,100,4,444,887.5464395,1,"7/3/2024",7,"Evening",16.35,118,161,0,0
101,2,0,3,2016,2.099999905,110,75,6,444,631.97423315,1,"7/3/2024",7,"Afternoon",13.6,112,158,0,0
148,1,0,1,2016,1.75,101,123,4,444,551.33091865,1,"7/3/2024",7,"Afternoon",11.55,108,NA,0,0
85,1,0,3,2016,2,113,152,3,444,657.5434023,1,"7/3/2024",7,"Morning",13.4,109,105,0,1
79,2,1,3,2016,1.820000052,116,17,9,444,656.0196803,1,"7/3/2024",7,"Morning",13.4,101,138,0,0
106,1,0,3,2016,2.5,109,26,8,444,788.68729025,1,"7/3/2024",7,"Afternoon",11.9,112,73,1,0
108,1,1,2,2016,1.649999976,109,11,9,444,757.83668525,1,"7/3/2024",7,"Afternoon",9.05,107,NA,0,1
117,2,0,3,2016,2.130000114,115,146,3,444,653.2747005,1,"7/3/2024",7,"Evening",15.05,111,149,0,0
151,2,1,3,2016,1.769999981,101,36,8,444,699.3434883,1,"7/3/2024",7,"Morning",12.2,107,77,0,0
122,1,0,3,2016,2.279999971,112,106,4,444,619.48685325,1,"7/3/2024",7,"Evening",11.95,114,84,1,1
144,1,0,1,2016,1.600000024,109,62,7,444,606.0754787,1,"7/3/2024",7,"Evening",10.45,103,NA,0,0
100,1,0,1,2016,2.390000105,118,151,NA,444,433.88357645,1,"7/3/2024",7,"Afternoon",13.9,115,4,1,0
149,1,0,3,2016,1.899999976,101,134,3,444,421.2582306,1,"7/3/2024",7,"Morning",10,102,70,1,0
113,1,0,1,2016,2.680000067,114,139,3,444,561.4989288,1,"7/3/2024",7,"Evening",14.2,105,NA,0,1
139,2,0,3,2016,3.200000048,104,73,6,444,704.15921425,1,"7/3/2024",7,"Morning",16.75,112,173,1,1
132,2,0,1,2016,1.620000005,105,158,2,444,644.5676531,1,"7/3/2024",7,"Afternoon",9.85,99,22,0,0
550,2,0,3,2021,2.25999999,112,161,7,557,567.5925848,1,"7/3/2024",2,"Evening",13.35,114,167,1,0
515,2,0,3,2021,2.880000114,117,192,6,557,690.51367705,1,"7/3/2024",2,"Afternoon",14.3,110,136,0,1
567,2,1,3,2021,2,110,208,5,557,595.2715052,1,"7/3/2024",2,"Evening",12.3,106,127,0,0
492,1,0,2,2021,3.150000095,131,94,9,557,400.6005574,1,"7/3/2024",2,"Morning",13,107,NA,1,0
532,2,0,3,2021,2.569999933,122,150,9,557,406.9004078,1,"7/3/2024",2,"Morning",14.35,111,58,0,0
569,2,0,1,2021,2.819999933,103,166,7,557,425.7453961,1,"7/3/2024",2,"Afternoon",12.4,115,3,0,0
496,2,0,3,2021,2.400000095,114,128,8,557,620.47260355,1,"7/3/2024",2,"Afternoon",12.15,109,64,0,1
535,2,0,3,2021,1.669999957,114,130,8,557,394.8190651,1,"7/3/2024",2,"Afternoon",6.5,95,72,0,0
556,2,0,3,2021,2.160000086,114,109,9,557,788.7865017,1,"7/3/2024",2,"Morning",13.3,108,149,0,1
561,1,0,2,2021,2.299999952,111,249,3,557,597.3558416,1,"7/3/2024",2,"Afternoon",12.95,108,NA,1,0
557,2,0,3,2021,2.549999952,109,113,9,557,808.6980542,1,"7/3/2024",2,"Afternoon",12.55,112,128,0,1
491,1,1,2,2021,1.610000014,134,181,6,557,496.1171552,1,"7/3/2024",2,"Morning",9.15,98,NA,0,0
524,1,0,3,2021,2.619999886,119,201,5,557,634.9681113,1,"7/3/2024",2,"Morning",17.35,113,95,1,1
510,1,0,1,2021,3,115,203,5,557,645.4105916,1,"7/3/2024",2,"Afternoon",14.75,122,2,1,1
572,1,0,1,2021,2.599999905,111,53,12,557,470.06740405,1,"7/3/2024",2,"Morning",10.2,107,1,0,0
562,1,0,1,2021,2.450000048,113,210,5,557,597.7236722,1,"7/3/2024",2,"Morning",13.3,110,NA,0,1
541,1,0,1,2021,2.299999952,116,257,3,557,482.3385022,1,"7/3/2024",2,"Morning",12.9,112,1,1,0
529,1,0,1,2021,2.099999905,120,264,3,557,558.0679791,1,"7/3/2024",2,"Evening",10.6,99,2,0,0
576,1,0,3,2021,3,109,198,NA,557,596.81233825,2,"7/3/2024",2,"Morning",14.45,114,90,1,0
516,1,1,1,2021,1.200000048,122,214,6,557,477.1934582,2,"7/3/2024",2,"Evening",7.65,93,1,0,0
533,2,0,1,2021,2.819999933,112,184,6,557,585.81425155,2,"7/3/2024",2,"Afternoon",14.45,118,19,0,1
546,2,1,3,2021,1.850000024,111,122,9,557,807.66976835,2,"7/3/2024",2,"Afternoon",15.5,113,166,0,0
548,1,0,2,2021,2.670000076,117,183,6,557,607.53974225,2,"7/3/2024",2,"Evening",15,111,NA,1,0
523,1,0,1,2021,1.639999986,121,251,3,557,401.08972535,2,"7/3/2024",2,"Evening",10,101,2,0,0
493,2,0,3,2021,2.49000001,129,221,4,557,626.12356225,2,"7/3/2024",2,"Morning",18.9,127,171,0,0
531,1,0,2,2021,2.369999886,113,179,6,557,506.1747467,2,"7/3/2024",2,"Afternoon",15.05,111,NA,1,0
552,2,0,3,2021,2.299999952,115,248,3,557,544.50875375,2,"7/3/2024",2,"Morning",13.95,111,109,0,0
539,2,1,3,2021,1.470000029,113,117,9,557,561.40522445,2,"7/3/2024",2,"Evening",7.85,97,70,0,1
525,2,0,1,2021,2.720000029,114,241,3,557,543.30500695,2,"7/3/2024",2,"Afternoon",16.7,119,30,0,0
574,2,1,1,2021,2.25,113,178,NA,557,764.94656965,2,"7/3/2024",2,"Evening",12.95,107,16,0,0
586,1,0,2,2021,NA,124,303,NA,557,629.41514775,2,"7/3/2024",2,"Afternoon",11.95,108,NA,0,1
549,2,0,3,2021,2.650000095,115,86,10,557,759.59449625,2,"7/3/2024",2,"Morning",13.15,116,168,0,0
494,1,0,1,2021,1.809999943,127,268,2,557,452.07114705,2,"7/3/2024",2,"Afternoon",9.05,104,NA,0,1
530,1,0,3,2021,2.640000105,120,220,4,557,586.3148146,2,"7/3/2024",2,"Evening",12.85,115,65,0,1
514,1,0,2,2021,1.700000048,116,269,2,557,474.74250585,2,"7/3/2024",2,"Afternoon",10.75,101,NA,0,0
517,2,1,3,2021,1.720000029,122,214,6,557,394.96572885,2,"7/3/2024",2,"Afternoon",9.9,101,101,0,0
578,1,0,3,2021,1.710000038,106,275,2,557,370.8038662,2,"7/3/2024",2,"Afternoon",8.95,96,67,0,1
521,2,0,3,2021,1.399999976,107,280,2,557,476.52699305,2,"7/3/2024",2,"Morning",9.3,97,117,0,0
165,2,0,3,2016,NA,121,40,8,444,690.93733815,2,"7/3/2024",7,"Morning",12.25,112,140,0,0
157,1,0,2,2016,NA,96,128,3,444,857.523726,2,"7/3/2024",7,"Afternoon",11.85,108,NA,1,0
81,2,0,1,2016,2.400000095,109,113,4,444,978.52284175,2,"7/3/2024",7,"Morning",15.25,116,67,0,1
103,2,1,3,2016,1.809999943,110,79,6,444,668.88982775,2,"7/3/2024",7,"Morning",12.3,113,131,0,0
109,2,0,1,2016,1.919999957,110,109,4,444,496.2974736,2,"7/3/2024",7,"Morning",12.35,106,1,0,0
83,1,0,2,2016,2.339999914,114,122,4,444,689.94960315,2,"7/3/2024",7,"Afternoon",12.95,114,NA,1,0
119,1,0,2,2016,2.279999971,107,71,6,444,644.34702335,2,"7/3/2024",7,"Afternoon",12.6,111,NA,1,1
166,2,0,3,2016,NA,121,121,4,444,817.8213654,2,"7/3/2024",7,"Afternoon",10.25,111,85,0,0
164,2,0,3,2016,NA,111,76,6,444,733.95170915,2,"7/3/2024",7,NA,10.4,104,69,0,0
147,2,0,3,2016,2.75,107,196,NA,444,593.01265175,2,"7/3/2024",7,"Evening",15.35,112,159,0,0
133,1,0,1,2016,3.150000095,111,93,4,444,683.97413605,2,"7/3/2024",7,"Evening",12.9,111,3,1,0
124,1,0,2,2016,1.960000038,112,155,NA,444,589.57567005,2,"7/3/2024",7,"Evening",12.35,114,NA,0,0
87,1,0,3,2016,2.230000019,118,198,NA,444,738.36940425,2,"7/3/2024",7,"Evening",13.15,108,93,0,0
84,2,0,3,2016,2.25,113,101,4,444,685.68052405,2,"7/3/2024",7,"Morning",14.75,111,121,0,NA
140,1,0,1,2016,2.369999886,104,74,6,444,554.41959895,2,"7/3/2024",7,"Afternoon",12.55,114,1,0,1
142,2,0,3,2016,2.329999924,103,105,4,444,696.83481845,2,"7/3/2024",7,"Morning",13.55,111,134,0,1
110,1,1,2,2016,1.379999995,115,20,8,444,529.87599215,2,"7/3/2024",7,"Evening",9.05,100,NA,0,0
121,2,0,3,2016,2.099999905,106,37,8,444,927.1574956,2,"7/3/2024",7,"Morning",14.55,106,176,1,1
150,1,0,1,2016,1.110000014,97,68,6,444,775.65533885,3,"7/3/2024",7,"Morning",10.3,98,1,0,NA
152,1,0,2,2016,1.600000024,98,14,9,444,345.17955285,3,"7/3/2024",7,"Afternoon",8.7,98,NA,0,0
86,2,0,3,2016,2.25,113,143,3,444,712.76997845,3,"7/3/2024",7,"Morning",14.45,112,104,0,0
98,2,0,3,2016,2.039999962,112,95,4,444,617.03160445,3,"7/3/2024",7,NA,15.05,110,123,0,0
80,1,0,1,2016,1.799999952,114,104,4,444,399.4220341,3,"7/3/2024",7,"Afternoon",10.95,104,1,0,1
160,1,0,2,2016,NA,121,57,7,444,1106.4856,3,"7/3/2024",7,"Afternoon",10.05,105,NA,1,0
96,1,0,2,2016,2.25,111,107,4,444,448.0601204,3,"7/3/2024",7,"Afternoon",12,112,NA,1,1
127,1,0,3,2016,2.519999981,105,78,6,444,558.15917365,3,"7/3/2024",7,"Afternoon",13.8,110,115,0,0
138,1,0,2,2016,2.549999952,106,31,8,444,894.7806078,3,"7/3/2024",7,"Morning",14.85,119,NA,1,1
97,1,0,2,2016,2.299999952,111,55,7,444,816.8666924,3,"7/3/2024",7,"Afternoon",13.15,116,NA,1,NA
82,1,0,1,2016,1.950000048,122,138,3,444,898.0018565,3,"7/3/2024",7,"Afternoon",12.05,108,NA,1,0
88,2,0,3,2016,2.180000067,121,110,4,444,704.05795865,3,"7/3/2024",7,"Evening",14.7,111,144,NA,0
128,2,0,3,2016,2.150000095,113,150,4,444,600.46300775,3,"7/3/2024",7,"Evening",17.7,115,114,0,NA
131,2,0,3,2016,1.570000052,105,172,2,444,538.1395059,3,"7/3/2024",7,"Morning",10.55,101,76,0,0
105,2,0,3,2016,1.600000024,115,147,3,444,633.4381455,3,"7/3/2024",7,"Evening",13.7,107,154,0,0
78,2,0,3,2016,2,121,125,4,444,626.92288775,3,"7/3/2024",7,"Evening",15.95,115,138,0,1
534,2,0,3,2021,2.529999971,117,200,5,557,859.5285874,3,"7/3/2024",2,"Morning",16.4,112,174,0,1
498,1,0,1,2021,2.210000038,124,228,5,557,528.91358435,3,"7/3/2024",2,"Afternoon",12.35,101,1,1,0
490,1,1,2,2021,1.700000048,134,181,6,557,486.09858135,3,"7/3/2024",2,"Morning",10.25,101,NA,0,0
585,2,0,3,2021,NA,122,247,3,557,1125.3658525,3,"7/3/2024",2,"Afternoon",9.1,106,83,0,0
500,2,0,3,2021,1.600000024,119,229,3,557,641.7727099,3,"7/3/2024",2,"Afternoon",12.4,104,127,0,1
519,1,0,3,2021,2.599999905,124,188,6,557,607.12241145,3,"7/3/2024",2,"Morning",14,107,112,1,0
553,2,0,3,2021,2.150000095,109,276,2,557,520.3856726,3,"7/3/2024",2,"Afternoon",10.9,111,85,0,0
503,2,1,3,2021,1.799999952,125,110,9,557,537.294955,3,"7/3/2024",2,"Morning",10.6,102,100,0,0
501,1,0,1,2021,2.599999905,117,213,5,557,645.0602369,3,"7/3/2024",2,"Morning",14.5,117,4,1,1
573,2,0,3,2021,2.599999905,114,273,2,557,450.61773165,3,"7/3/2024",2,"Afternoon",12.45,105,135,0,0
555,1,0,1,2021,2.299999952,111,244,3,557,576.4567778,3,"7/3/2024",2,"Afternoon",11.65,109,NA,0,1
570,1,0,3,2021,2.210000038,114,277,2,557,635.8783579,3,"7/3/2024",2,"Evening",11.4,105,88,0,1
526,1,0,3,2021,2.50999999,119,252,3,557,586.32177565,3,"7/3/2024",2,"Morning",14.65,116,116,1,0
511,2,0,3,2021,2.599999905,117,204,5,557,791.02875035,3,"7/3/2024",2,"Afternoon",16.05,116,93,1,1
571,2,0,3,2021,1.950000048,114,149,8,557,514.67562775,3,"7/3/2024",2,"Evening",10.25,106,90,0,0
518,2,0,3,2021,3.549999952,122,156,7,557,798.26217995,3,"7/3/2024",2,"Evening",16.35,121,154,0,1
537,2,0,3,2021,1.820000052,113,272,2,557,531.26544755,3,"7/3/2024",2,"Afternoon",11.3,101,118,0,1
577,1,0,2,2021,1.940000057,106,270,2,557,377.0894218,3,"7/3/2024",2,"Evening",9.8,99,NA,0,0
589,2,0,1,2021,NA,129,243,3,557,686.32422795,4,"7/3/2024",2,"Evening",11.2,109,18,0,0
509,1,0,2,2021,2.640000105,124,145,8,557,658.5763187,4,"7/3/2024",2,"Morning",10.55,107,NA,0,0
551,1,0,3,2021,2.00999999,112,255,3,557,665.17972005,4,"7/3/2024",2,"Evening",12.55,108,104,0,0
582,1,0,3,2021,NA,92,99,9,557,782.02764155,4,"7/3/2024",2,"Morning",12.5,109,90,0,0
538,2,0,3,2021,2.380000114,116,135,8,557,706.1204117,4,"7/3/2024",2,"Morning",15.3,113,174,0,1
584,1,0,2,2021,NA,122,253,3,557,985.020111,4,"7/3/2024",2,"Afternoon",7.5,103,NA,0,0
583,1,0,2,2021,NA,83,271,2,557,736.41332455,4,"7/3/2024",2,"Afternoon",9.9,108,1,0,0
512,2,0,3,2021,1.590000033,124,256,3,557,524.92205915,4,"7/3/2024",2,"Morning",13.2,104,173,0,0
544,1,1,2,2021,1.909999967,111,194,6,557,586.96431205,4,"7/3/2024",2,"Afternoon",11.55,107,NA,1,0
579,2,0,3,2021,4.800000191,106,93,9,557,578.08397055,4,"7/3/2024",2,"Evening",12.35,109,90,0,0
581,2,0,3,2021,3.799999952,108,283,2,557,781.1497573,4,"7/3/2024",2,"Morning",11.55,106,138,0,0
495,1,0,1,2021,2.640000105,119,302,4,557,748.00863545,4,"7/3/2024",2,"Morning",14.35,118,3,0,1
506,2,0,3,2021,2.299999952,123,235,3,557,649.6147243,4,"7/3/2024",2,"Afternoon",13.1,108,70,0,0
559,1,0,1,2021,2.599999905,114,158,7,557,762.01442155,4,"7/3/2024",2,"Morning",11.7,107,5,0,1
568,2,0,3,2021,2.400000095,107,205,5,557,674.1776608,4,"7/3/2024",2,"Afternoon",13.2,111,70,1,0
507,2,0,3,2021,2.319999933,123,260,NA,557,634.82438835,4,"7/3/2024",2,"Evening",13.5,110,174,0,1
560,2,0,3,2021,2.599999905,109,189,6,557,739.8852489,4,"7/3/2024",2,"Morning",13,105,152,0,0
558,1,0,3,2021,1.799999952,109,176,7,557,656.84915635,4,"7/3/2024",2,"Morning",9.6,107,84,0,0
528,1,0,2,2021,2.079999924,123,246,3,557,651.757861,4,"7/3/2024",2,"Morning",9.9,103,NA,0,0
508,1,0,3,2021,2.599999905,116,107,9,557,649.6120859,4,"7/3/2024",2,"Afternoon",12.85,110,108,1,0
163,1,0,1,2016,NA,121,24,8,444,959.8318155,4,"7/3/2024",7,"Afternoon",8.35,100,1,0,0
123,2,0,3,2016,3,106,114,4,444,943.86579295,4,"7/3/2024",7,"Morning",16.5,121,168,0,1
125,1,1,3,2016,1.570000052,106,56,7,444,691.28161415,4,"7/3/2024",7,"Morning",9.8,98,78,1,0
90,2,0,1,2016,2.400000095,112,102,4,444,810.54831485,4,"7/3/2024",7,"Afternoon",12.95,111,55,0,0
92,1,0,2,2016,2.25,112,77,6,444,788.7949976,4,"7/3/2024",7,"Afternoon",11.55,111,NA,1,0
156,1,0,2,2016,NA,106,61,7,444,733.1072353,4,"7/3/2024",7,"Afternoon",11.7,109,NA,0,1
134,1,0,1,2016,2.049999952,111,136,3,444,612.2906274,4,"7/3/2024",7,"Evening",13.55,108,NA,1,1
99,1,0,2,2016,2.019999981,110,137,3,444,799.7053104,4,"7/3/2024",7,"Morning",13.5,112,NA,1,1
154,1,0,1,2016,2.440000057,98,8,10,444,849.1083846,4,"7/3/2024",7,"Afternoon",11.2,104,1,0,0
129,1,0,2,2016,2.460000038,111,142,3,444,808.01209165,4,"7/3/2024",7,"Evening",13.9,115,NA,1,0
158,1,0,1,2016,NA,101,141,3,444,866.9923598,4,"7/3/2024",7,"Morning",12.4,105,NA,0,1
107,2,0,3,2016,3.099999905,112,87,5,444,893.14366845,4,"7/3/2024",7,NA,16.9,120,153,0,0
89,2,0,3,2016,2.099999905,112,64,7,444,877.38215565,4,"7/3/2024",7,"Morning",15.35,111,113,0,0
155,2,0,3,2016,2.24000001,97,35,8,444,589.51332035,4,"7/3/2024",7,"Morning",10,110,72,NA,0
141,1,0,2,2016,2.25,103,86,5,444,836.94040935,4,"7/3/2024",7,"Afternoon",13.2,108,NA,0,1
130,1,0,3,2016,2.50999999,113,98,4,444,777.0111373,4,"7/3/2024",7,"Afternoon",14.05,112,94,0,NA
143,2,0,3,2016,2,109,22,8,444,819.36913645,4,"7/3/2024",7,"Evening",14.35,112,178,0,0
120,2,0,3,2016,2.099999905,109,163,2,444,518.17884725,5,"8/3/2024",7,"Morning",12.45,106,67,0,0
153,2,0,1,2016,2.559999943,100,63,7,444,606.0290571,5,"8/3/2024",7,"Afternoon",13.05,112,32,0,1
91,2,0,3,2016,2.299999952,112,103,4,444,559.9500801,5,"8/3/2024",7,"Morning",15.6,118,163,0,0
116,2,0,3,2016,2.450000048,115,51,7,444,453.3329527,5,"8/3/2024",7,"Evening",14.8,112,195,1,0
126,2,1,3,2016,1.860000014,106,56,7,444,256.2411129,5,"8/3/2024",7,"Morning",10.9,106,121,0,1
135,1,0,2,2016,1.870000005,111,216,NA,444,493.45665015,5,"8/3/2024",7,"Evening",13.05,113,NA,0,0
159,1,0,2,2016,NA,83,135,3,444,442.8408862,5,"8/3/2024",7,NA,NA,NA,NA,0,0
112,1,0,2,2016,1.600000024,116,108,4,444,333.78261135,5,"8/3/2024",7,"Evening",14.45,113,NA,1,0
93,2,0,1,2016,2.650000095,117,97,4,444,390.65308095,5,"8/3/2024",7,"Evening",18.15,120,NA,0,0
145,2,0,3,2016,2.349999905,103,28,8,444,534.95113605,5,"8/3/2024",7,"Afternoon",12.6,114,85,0,0
146,1,0,2,2016,2.099999905,101,67,7,444,402.3049743,5,"8/3/2024",7,"Morning",13.15,105,NA,0,1
102,1,1,2,2016,1.809999943,110,79,6,444,366.03272485,5,"8/3/2024",7,"Morning",9.6,102,NA,0,0
94,2,0,3,2016,2.700000048,111,19,9,444,348.99345815,5,"8/3/2024",7,"Morning",15.35,112,79,0,0
161,1,0,3,2016,NA,108,215,NA,444,522.479586,5,"8/3/2024",7,NA,13.2,110,87,0,0
95,2,0,3,2016,2.75,111,85,5,444,536.6087694,5,"8/3/2024",7,"Afternoon",15.8,120,147,0,1
104,1,0,3,2016,2.640000105,110,72,6,444,439.8252394,5,"8/3/2024",7,"Afternoon",12.25,113,72,0,0
111,1,0,2,2016,2.410000086,114,23,8,444,343.35014605,5,"8/3/2024",7,"Evening",13.55,111,NA,0,0
590,2,0,3,2021,NA,121,132,8,557,281.68610885,5,"8/3/2024",2,"Evening",12.2,110,129,0,1
499,2,0,3,2021,2.890000105,126,265,4,557,419.07919715,5,"8/3/2024",2,"Morning",19.8,118,187,0,0
554,1,0,2,2021,2.059999943,111,278,2,557,424.07124925,5,"8/3/2024",2,"Evening",11.05,106,NA,0,0
566,2,0,3,2021,2.180000067,110,186,6,557,387.8038214,5,"8/3/2024",2,"Afternoon",10.95,107,136,0,0
497,2,0,3,2021,2.299999952,126,225,NA,557,421.2645681,5,"8/3/2024",2,"Evening",13.4,112,160,0,1
547,1,0,2,2021,2.299999952,110,74,11,557,273.6398016,5,"8/3/2024",2,"Afternoon",10.95,106,NA,0,0
587,2,0,3,2021,NA,124,182,6,557,725.1565094,5,"8/3/2024",2,"Afternoon",10.65,113,68,0,0
588,1,0,3,2021,NA,129,177,NA,557,366.7228445,5,"8/3/2024",2,"Evening",14.05,110,92,1,1
563,1,0,2,2021,1.950000048,110,245,3,557,372.06716,5,"8/3/2024",2,"Afternoon",11.05,108,NA,1,1
504,1,0,3,2021,2.630000114,123,240,3,557,333.1186736,5,"8/3/2024",2,"Evening",14.55,113,100,1,1
536,1,0,3,2021,2.720000029,114,148,8,557,362.7000584,5,"8/3/2024",2,"Afternoon",13.2,104,96,0,1
542,1,0,3,2021,2.910000086,111,167,7,557,351.47401215,5,"8/3/2024",2,"Afternoon",13.55,119,80,1,0
502,1,0,3,2021,1.899999976,119,195,6,557,389.78467755,5,"8/3/2024",2,"Afternoon",12,102,85,0,1
520,2,0,3,2021,2.75,114,102,9,557,452.2214115,5,"8/3/2024",2,"Afternoon",14.65,119,142,0,0
575,1,0,1,2021,1.580000043,104,300,2,557,344.4143439,5,"8/3/2024",2,"Afternoon",7.2,95,13,0,0
522,1,0,3,2021,1.889999986,114,222,4,557,382.2622147,5,"8/3/2024",2,"Morning",13.4,110,92,0,1
513,2,0,3,2021,2.5,124,231,3,557,428.760053,5,"8/3/2024",2,"Morning",15.35,113,175,0,0
545,2,0,3,2021,2.660000086,120,237,3,557,434.42539555,5,"8/3/2024",2,"Morning",15.9,114,174,0,0
527,1,0,2,2021,1.919999957,119,250,3,557,352.9977451,5,"8/3/2024",2,"Morning",13.45,109,NA,1,0
564,1,0,1,2021,2.859999895,115,164,7,557,317.5577857,5,"8/3/2024",2,"Evening",13.25,113,2,1,0
505,2,0,3,2021,2.089999914,123,258,3,557,355.26451355,5,"8/3/2024",2,"Afternoon",14.6,109,65,0,0
540,1,1,1,2021,1.320000052,113,117,9,557,291.90136395,6,"8/3/2024",2,"Evening",7.55,92,NA,0,0
543,2,1,3,2021,2.099999905,111,194,6,557,509.6050986,6,"8/3/2024",2,"Afternoon",12.45,111,110,0,0
580,2,0,3,2021,4.519999981,107,193,6,557,419.3481832,6,"8/3/2024",2,"Morning",14.25,115,185,0,1
565,1,0,2,2021,2,110,180,6,557,318.9951978,6,"8/3/2024",2,"Afternoon",12.25,105,NA,1,0
178,2,0,3,2017,2.299999952,125,94,5,528,617.3805681,6,"8/3/2024",6,"Morning",17.2,113,130,1,0
242,2,0,1,2017,2.150000095,105,14,10,528,500.69256735,6,"8/3/2024",6,"Afternoon",10.9,108,33,0,0
168,2,0,1,2017,2.50999999,126,156,3,528,564.2771478,6,"8/3/2024",6,"Morning",12.8,110,41,0,0
262,2,0,3,2017,NA,119,166,3,528,428.78844655,6,"8/3/2024",6,"Afternoon",9.5,102,32,0,0
172,1,0,2,2017,3.099999905,123,42,9,528,426.0117083,6,"8/3/2024",6,"Afternoon",18.55,122,NA,1,1
194,1,1,2,2017,1.929999948,112,122,5,528,427.3402327,6,"8/3/2024",6,"Evening",9.85,105,NA,0,0
196,2,0,3,2017,2.930000067,113,58,8,528,602.84296855,6,"8/3/2024",6,"Afternoon",17.6,114,114,0,0
173,1,0,1,2017,2.299999952,123,138,4,528,407.03555025,6,"8/3/2024",6,NA,12.65,106,1,0,1
221,1,1,2,2017,1.899999976,108,79,7,528,259.90776795,6,"8/3/2024",6,"Afternoon",7.8,98,NA,0,0
170,2,0,3,2017,2.25,127,173,3,528,396.15582095,6,"8/3/2024",6,"Morning",14.95,108,160,0,NA
184,2,0,3,2017,1.74000001,113,179,2,528,327.82468585,6,"8/3/2024",6,"Afternoon",10.25,102,58,0,0
186,2,1,3,2017,1.399999976,118,20,9,528,390.71379155,6,"8/3/2024",6,"Morning",7.65,91,89,0,0
174,2,1,3,2017,1.600000024,118,11,10,528,464.2852216,6,"8/3/2024",6,"Evening",12.85,104,131,0,0
177,1,0,3,2017,1.370000005,118,104,5,528,396.78336025,6,"8/3/2024",6,"Evening",10.55,103,88,0,0
235,1,0,1,2017,1.700000048,116,171,3,528,375.11851225,6,"8/3/2024",6,"Morning",10.95,107,4,1,0
195,2,1,3,2017,1.860000014,112,122,5,528,462.25473825,6,"8/3/2024",6,"Afternoon",11.05,101,69,0,NA
419,2,1,1,2019,1.649999976,103,36,11,508,251.7244819,6,"8/3/2024",4,NA,7.6,100,5,0,0
427,2,1,3,2019,1.659999967,100,12,12,508,166.9944665,6,"8/3/2024",4,"Morning",5.85,93,87,0,0
409,2,0,3,2019,2.710000038,111,102,7,508,538.6201992,6,"8/3/2024",4,"Afternoon",15.35,117,143,0,0
358,2,0,3,2019,2.440000057,129,94,7,508,460.4976472,6,"8/3/2024",4,"Evening",15.7,114,88,0,NA
407,2,0,3,2019,2.460000038,106,148,6,508,512.040121,6,"8/3/2024",4,"Morning",13.8,111,179,0,0
360,1,0,2,2019,2.25,117,68,9,508,402.22632765,6,"8/3/2024",4,"Afternoon",13.2,113,NA,1,0
404,2,0,1,2019,2.349999905,106,208,3,508,394.05790085,6,"8/3/2024",4,"Evening",13.7,115,47,0,0
393,1,0,1,2019,2.579999924,108,109,7,508,489.2690584,6,"8/3/2024",4,"Evening",13.6,110,2,1,1
412,1,0,3,2019,2.829999924,105,167,5,508,363.71370835,6,"8/3/2024",4,"Afternoon",14.4,118,99,1,0
364,1,1,2,2019,1.840000033,117,143,6,508,418.71783595,6,"8/3/2024",4,"Evening",10.2,100,NA,1,0
408,1,0,1,2019,2.680000067,105,180,4,508,475.2740785,6,"8/3/2024",4,"Morning",12.75,109,2,0,1
426,2,1,3,2019,1.919999957,100,12,12,508,179.4694023,6,"8/3/2024",4,"Morning",7.1,95,97,NA,0
387,1,0,1,2019,2.579999924,108,128,6,508,480.2007322,6,"8/3/2024",4,"Afternoon",12.05,109,2,0,1
380,2,0,1,2019,2.650000095,110,133,6,508,675.0555698,6,"8/3/2024",4,"Morning",15.65,112,35,1,1
384,2,0,3,2019,2.549999952,109,184,4,508,551.6594558,6,"8/3/2024",4,"Afternoon",13.2,112,99,0,1
399,2,1,3,2019,1.940000057,113,163,5,508,481.85039925,6,"8/3/2024",4,"Afternoon",11.75,108,89,0,NA
422,1,0,1,2019,2.329999924,108,207,3,508,416.86990665,6,"8/3/2024",4,"Afternoon",12.95,104,3,1,1
429,2,1,3,2019,1.529999971,98,35,11,508,230.2214527,6,"8/3/2024",4,"Morning",7.75,95,50,0,NA
376,1,0,2,2019,2.450000048,111,107,7,508,502.3698977,6,"8/3/2024",4,"Afternoon",12.5,115,NA,1,0
361,2,0,3,2019,2.210000038,117,166,5,508,474.06172245,7,"8/3/2024",4,"Afternoon",13.05,111,140,1,0
431,1,0,1,2019,NA,93,121,7,508,487.6375977,7,"8/3/2024",4,"Afternoon",11.9,111,5,0,0
432,2,1,3,2019,NA,90,209,3,508,398.9705903,7,"8/3/2024",4,"Afternoon",10.7,108,106,0,0
428,2,0,1,2019,1.470000029,105,216,NA,508,456.0882574,7,"8/3/2024",4,"Evening",13.05,105,38,0,NA
391,2,0,3,2019,2.410000086,111,190,4,508,548.2860174,7,"8/3/2024",4,"Evening",13.45,111,45,0,1
436,2,0,3,2019,NA,122,3,NA,508,396.33878865,7,"8/3/2024",4,"Evening",12.2,107,170,NA,NA
366,1,0,2,2019,2.50999999,114,79,9,508,262.0173162,7,"8/3/2024",4,"Afternoon",12.25,104,NA,1,0
378,1,1,2,2019,1.850000024,114,103,7,508,263.7102037,7,"8/3/2024",4,"Evening",7.55,100,NA,0,0
375,2,0,3,2019,2.920000076,111,50,10,508,376.64144715,7,"8/3/2024",4,"Morning",15.6,118,171,0,0
434,2,0,3,2019,NA,119,200,3,508,508.0519865,7,"8/3/2024",4,"Morning",13,114,57,0,0
398,2,1,1,2019,2.619999886,113,163,5,508,375.78457295,7,"8/3/2024",4,"Afternoon",11.6,110,95,0,0
418,1,1,2,2019,1.539999962,103,36,11,508,190.12864,7,"8/3/2024",4,"Afternoon",7.1,96,NA,0,0
395,1,0,1,2019,1.200000048,107,249,1,508,298.6146941,7,"8/3/2024",4,"Morning",10.25,96,4,0,1
400,1,1,1,2019,2.180000067,113,92,8,508,340.9575607,7,"8/3/2024",4,"Afternoon",10.3,105,3,0,0
402,1,1,2,2019,1.480000019,106,205,3,508,326.3822334,7,"8/3/2024",4,"Afternoon",10.25,106,NA,0,0
392,2,0,3,2019,2.900000095,108,189,4,508,499.41359335,7,"8/3/2024",4,"Morning",16.05,115,152,1,NA
227,1,0,3,2017,2.410000086,115,175,3,528,258.95663685,7,"8/3/2024",6,"Evening",14.2,111,91,0,1
205,1,1,2,2017,1.299999952,111,63,8,528,211.50618505,7,"8/3/2024",6,"Afternoon",7.25,92,NA,0,NA
244,1,0,2,2017,2.309999943,108,123,5,528,320.6230045,7,"8/3/2024",6,"Evening",11.95,117,NA,0,0
193,2,0,3,2017,2.450000048,112,141,4,528,336.1757109,7,"8/3/2024",6,"Morning",13.2,110,160,0,0
188,2,0,3,2017,2.680000067,112,152,4,528,459.07986425,7,"8/3/2024",6,"Afternoon",15.25,116,148,0,NA
176,2,0,3,2017,2.349999905,114,99,5,528,568.6444592,7,"8/3/2024",6,"Morning",15.45,106,173,0,0
191,1,0,1,2017,2.339999914,122,160,3,528,349.25264585,7,"8/3/2024",6,"Morning",12.45,114,36,1,0
182,2,0,3,2017,2.299999952,113,102,5,528,382.5476885,7,"8/3/2024",6,"Evening",15.15,106,94,0,0
230,1,0,3,2017,2.980000019,107,73,7,528,400.24841635,7,"8/3/2024",6,"Morning",13,111,108,0,1
226,2,0,3,2017,2.25,110,131,4,528,406.86223285,7,"8/3/2024",6,"Evening",12.9,115,146,0,0
204,1,1,2,2017,1.700000048,111,63,8,528,384.5848073,7,"8/3/2024",6,"Afternoon",8.25,99,NA,0,0
261,2,0,3,2017,NA,122,71,7,528,595.33588235,7,"8/3/2024",6,"Evening",12.05,114,125,0,0
207,2,0,1,2017,2.099999905,116,192,2,528,350.6395329,7,"8/3/2024",6,"Morning",13.75,110,7,0,0
236,1,0,2,2017,2.450000048,106,36,9,528,393.3973953,7,"8/3/2024",6,"Afternoon",11.7,103,NA,0,NA
243,1,0,2,2017,2.299999952,108,17,10,528,331.5075144,7,"8/3/2024",6,"Afternoon",10.45,104,NA,0,0
175,2,0,3,2017,2.119999886,115,119,5,528,478.2604942,7,"8/3/2024",6,"Morning",13.5,109,169,0,NA
270,2,0,3,2017,NA,119,105,5,528,548.18535945,7,"8/3/2024",6,"Morning",8.8,104,70,0,0
202,1,0,2,2017,2.329999924,114,158,3,528,389.50388375,7,"8/3/2024",6,"Evening",11.6,107,NA,0,0
197,1,0,2,2017,2.299999952,112,49,8,528,394.0901524,7,"8/3/2024",6,"Morning",13.55,111,NA,0,0
253,1,0,2,2017,2.089999914,107,157,3,528,477.35208625,8,"8/3/2024",6,"Morning",10.45,100,NA,0,0
214,2,0,3,2017,2.359999895,119,144,4,528,520.6393517,8,"8/3/2024",6,"Morning",15.65,117,154,0,0
183,2,0,3,2017,2,114,70,7,528,484.37131795,8,"8/3/2024",6,"Morning",11,100,48,0,NA
259,1,0,3,2017,NA,124,224,1,528,549.9974358,8,"8/3/2024",6,"Morning",10.5,99,90,1,0
263,1,0,3,2017,NA,122,176,3,528,493.8435793,8,"8/3/2024",6,"Evening",10,102,109,0,0
187,2,0,3,2017,2.369999886,113,101,5,528,527.2885037,8,"8/3/2024",6,"Afternoon",16.65,116,54,0,0
275,1,0,1,2017,NA,127,124,5,528,492.52346095,8,"8/3/2024",6,"Evening",12.75,110,61,1,0
245,2,0,3,2017,2.859999895,110,66,8,528,635.91876965,8,"8/3/2024",6,"Morning",15.85,108,159,0,0
232,2,0,1,2017,1.919999957,106,130,4,528,531.75555425,8,"8/3/2024",6,"Morning",11.35,101,77,0,0
203,1,0,1,2017,2.319999933,114,8,11,528,435.66181105,8,"8/3/2024",6,"Evening",9.45,103,10,0,0
206,2,0,3,2017,2.660000086,111,167,3,528,505.668888,8,"8/3/2024",6,"Afternoon",14.85,115,122,1,0
180,1,0,2,2017,1.889999986,122,84,8,528,424.70598775,8,"8/3/2024",6,"Afternoon",6.6,107,NA,1,0
266,2,1,3,2017,NA,3,40,9,528,549.4202159,8,"8/3/2024",6,NA,2.35,NA,NA,0,0
250,1,0,2,2017,2,108,82,7,528,419.9791928,8,"8/3/2024",6,"Morning",10.45,106,NA,0,0
234,2,0,1,2017,2.75,106,50,8,528,692.16690135,8,"8/3/2024",6,"Morning",15.85,113,45,0,0
217,1,0,3,2017,2.599999905,116,48,8,528,452.01579935,8,"8/3/2024",6,"Evening",13.95,112,83,1,0
181,2,0,3,2017,2.079999924,114,75,7,528,569.12686565,8,"8/3/2024",6,"Afternoon",13.1,111,133,0,0
223,1,0,2,2017,1.850000024,115,181,2,528,394.89451915,8,"8/3/2024",6,"Evening",14.3,112,NA,1,0
229,2,0,3,2017,2.400000095,107,113,5,528,570.5472889,8,"8/3/2024",6,"Afternoon",14.85,120,73,0,0
383,1,0,3,2019,2.950000048,110,73,9,508,436.0765967,8,"8/3/2024",4,"Morning",13.8,111,71,1,1
403,1,1,1,2019,1.460000038,106,205,3,508,315.02397545,8,"8/3/2024",4,"Afternoon",9.05,101,NA,0,1
430,1,0,1,2019,2.599999905,103,138,6,508,511.674448,8,"8/3/2024",4,"Evening",12.6,107,2,1,1
416,2,1,3,2019,2.50999999,106,91,8,508,453.4321531,8,"8/3/2024",4,"Evening",12.65,111,73,0,0
381,2,0,3,2019,2.430000067,116,204,3,508,559.9867368,8,"8/3/2024",4,"Afternoon",15,112,148,0,0
417,1,1,1,2019,1.679999948,106,91,8,508,339.56731135,8,"8/3/2024",4,"Evening",9.5,99,2,0,0
362,1,0,3,2019,2.299999952,117,152,6,508,519.13492305,8,"8/3/2024",4,"Morning",15,115,91,1,1
415,1,0,3,2019,2.279999971,106,161,5,508,445.7635812,8,"8/3/2024",4,"Evening",11.75,107,88,0,1
433,2,1,1,2019,NA,90,209,3,508,507.19410545,8,"8/3/2024",4,"Afternoon",10.15,111,3,0,0
371,1,0,1,2019,3,118,90,8,508,444.2630436,8,"8/3/2024",4,"Afternoon",13.7,117,5,1,1
423,1,0,2,2019,1.360000014,103,238,1,508,302.30888625,8,"8/3/2024",4,"Morning",8.25,89,NA,0,NA
372,2,1,3,2019,1.879999995,112,11,12,508,573.41848975,8,"8/3/2024",4,"Afternoon",12.45,109,170,0,0
369,2,0,1,2019,2.400000095,119,213,3,508,689.27430195,8,"8/3/2024",4,"Evening",17.85,114,21,0,0
385,2,0,3,2019,2.619999886,109,113,7,508,762.43549645,8,"8/3/2024",4,"Afternoon",15.2,121,138,0,NA
424,2,0,3,2019,2.900000095,101,134,6,508,644.60114635,8,"8/3/2024",4,"Afternoon",14.5,119,132,0,0
382,1,0,3,2019,2.609999895,110,136,6,508,508.3820378,8,"8/3/2024",4,"Morning",14.55,112,96,1,1
435,1,0,1,2019,NA,119,263,1,508,442.3020871,8,"8/3/2024",4,"Morning",8.05,94,5,1,0
390,2,1,3,2019,1.139999986,109,75,9,508,279.2332055,8,"8/3/2024",4,"Afternoon",6.55,88,58,0,0
389,1,1,2,2019,1.220000029,109,75,9,508,359.0435067,8,"8/3/2024",4,"Afternoon",7.5,92,NA,0,0
357,2,0,3,2019,2.220000029,127,154,6,508,589.1172917,9,"8/3/2024",4,"Evening",16.2,113,115,0,0
379,2,0,3,2019,2.779999971,110,185,4,508,529.7201989,9,"8/3/2024",4,"Afternoon",15.1,118,114,0,NA
421,2,0,3,2019,2.970000029,109,105,7,508,477.25374285,9,"8/3/2024",4,"Evening",15.45,116,108,0,0
367,2,0,3,2019,2.589999914,117,206,3,508,637.08053165,9,"8/3/2024",4,"Evening",16.6,112,121,0,0
425,2,0,3,2019,2.809999943,104,176,5,508,616.62205125,9,"8/3/2024",4,"Evening",13.45,115,151,0,0
388,2,0,3,2019,3.400000095,115,165,5,508,430.3000366,9,"8/3/2024",4,"Afternoon",15.65,114,156,0,1
397,1,1,3,2019,2.099999905,107,172,5,508,460.2439002,9,"8/3/2024",4,"Morning",12.1,104,60,0,0
438,1,0,1,2019,NA,122,284,NA,508,487.44823235,9,"8/3/2024",4,"Evening",15.65,111,1,0,1
386,2,0,1,2019,2.099999905,109,179,4,508,487.4517458,9,"8/3/2024",4,"Afternoon",13.55,111,9,0,0
377,1,0,1,2019,2.529999971,112,203,3,508,628.5230738,9,"8/3/2024",4,"Afternoon",14.15,112,NA,1,1
401,1,0,3,2019,1.320000052,110,233,1,508,296.76938155,9,"8/3/2024",4,"Afternoon",7.5,92,50,0,NA
373,2,0,3,2019,2.299999952,118,215,NA,508,436.93899505,9,"8/3/2024",4,"Afternoon",11.55,106,89,0,1
405,1,0,1,2019,2.680000067,106,159,5,508,461.33752975,9,"8/3/2024",4,"Morning",13.45,106,27,1,0
406,2,0,1,2019,3.200000048,112,261,6,508,479.6382274,9,"8/3/2024",4,"Evening",15.6,119,14,0,1
363,2,0,3,2019,2.430000067,122,226,NA,508,336.4543308,9,"8/3/2024",4,"Afternoon",15.1,113,75,0,1
410,2,0,3,2019,2.380000114,105,186,4,508,446.2168103,9,"8/3/2024",4,"Morning",13.25,112,158,0,0
368,2,0,3,2019,2.910000086,115,158,5,508,472.61248265,9,"8/3/2024",4,"Afternoon",17.45,117,160,0,0
370,2,0,3,2019,2.660000086,118,192,4,508,470.03634445,9,"8/3/2024",4,"Afternoon",17.05,115,140,1,1
396,1,1,3,2019,2.089999914,107,172,5,508,372.8760549,9,"8/3/2024",4,"Morning",12.95,105,60,0,1
439,2,0,1,2019,NA,122,210,3,508,630.4352048,9,"8/3/2024",4,"Evening",13.35,113,37,0,0
224,2,0,1,2017,1.620000005,107,185,2,528,385.4078962,9,"8/3/2024",6,"Morning",10.1,98,21,0,0
225,1,1,2,2017,2,107,33,9,528,293.926195,9,"8/3/2024",6,NA,11.05,101,NA,0,NA
267,2,0,3,2017,NA,108,55,8,528,433.5111012,9,"8/3/2024",6,NA,15.5,117,98,0,NA
228,1,0,2,2017,2.670000076,107,26,9,528,422.9044891,9,"8/3/2024",6,"Afternoon",12.1,105,NA,1,0
276,1,0,2,2017,NA,127,89,6,528,401.5026043,9,"8/3/2024",6,"Evening",13.95,114,NA,0,0
231,1,0,2,2017,3.049999952,107,114,5,528,349.80567195,9,"8/3/2024",6,"Afternoon",15.7,118,NA,0,0
249,2,0,3,2017,2.900000095,103,133,4,528,568.14887695,9,"8/3/2024",6,"Morning",15.95,110,75,0,NA
274,1,0,1,2017,NA,127,174,3,528,611.30630335,9,"8/3/2024",6,"Afternoon",8.2,104,1,0,0
271,1,0,1,2017,NA,119,37,9,528,584.6962643,9,"8/3/2024",6,"Morning",12.05,110,NA,1,0
248,1,0,3,2017,2.289999962,112,120,5,528,496.0458133,9,"8/3/2024",6,"Afternoon",13.8,109,79,1,0
209,1,0,2,2017,1.909999967,120,44,9,528,427.9504416,9,"8/3/2024",6,"Morning",10.6,106,NA,0,NA
241,2,0,1,2017,2.640000105,105,5,14,528,455.53271885,9,"8/3/2024",6,"Afternoon",12.45,111,33,0,0
190,1,0,2,2017,1.879999995,120,168,3,528,521.71461045,9,"8/3/2024",6,"Evening",13.3,109,NA,0,0
201,1,0,1,2017,2.24000001,114,27,9,528,372.41083315,9,"8/3/2024",6,"Evening",11.5,107,4,0,0
254,1,0,1,2017,2.019999981,102,195,2,528,368.04246145,9,"8/3/2024",6,"Morning",9.1,97,1,0,0
247,2,0,3,2017,2.349999905,104,180,2,528,337.525399,9,"8/3/2024",6,"Morning",10.8,106,40,0,0
264,1,0,1,2017,NA,119,68,7,528,623.74813945,9,"8/3/2024",6,"Evening",11.25,NA,1,0,0
208,2,0,3,2017,2.339999914,121,111,5,528,461.3404665,9,"8/3/2024",6,"Morning",13.25,108,159,0,0
179,1,0,2,2017,2.210000038,122,116,5,528,370.81198855,10,"8/3/2024",6,"Afternoon",12.1,105,NA,1,0
222,2,1,3,2017,2.150000095,108,79,7,528,311.13491865,10,"8/3/2024",6,NA,7.9,97,119,0,NA
252,2,0,3,2017,3.049999952,112,169,3,528,596.88913965,10,"8/3/2024",6,"Morning",14.7,112,114,0,0
199,1,0,2,2017,2.460000038,122,100,5,528,696.33527445,10,"8/3/2024",6,"Morning",16.4,117,NA,1,0
237,2,0,3,2017,2.099999905,106,52,8,528,523.96920195,10,"8/3/2024",6,"Afternoon",9.4,96,34,0,0
268,2,0,3,2017,NA,109,214,2,528,428.6106509,10,"8/3/2024",6,NA,4.6,85,52,0,0
211,1,1,2,2017,2.150000095,112,85,6,528,383.4025538,10,"8/3/2024",6,"Evening",10.3,105,NA,0,0
256,2,0,3,2017,2.730000019,100,69,7,528,539.6228687,10,"8/3/2024",6,"Morning",12.4,105,99,0,NA
258,2,1,1,2017,2.119999886,102,35,9,528,300.9921416,10,"8/3/2024",6,"Evening",8.05,100,24,NA,0
269,2,0,3,2017,NA,111,128,4,528,1064.6299125,10,"8/3/2024",6,NA,9.8,103,82,0,NA
273,1,0,1,2017,NA,127,4,NA,528,544.79278245,10,"8/3/2024",6,"Afternoon",14.15,108,NA,1,0
220,1,0,1,2017,2.74000001,107,109,5,528,598.3102093,10,"8/3/2024",6,"Evening",10.3,99,2,0,0
189,2,0,3,2017,2.349999905,112,162,3,528,636.05697215,10,"8/3/2024",6,"Morning",14.15,101,123,0,NA
210,2,0,3,2017,2.859999895,112,28,9,528,469.90099155,10,"8/3/2024",6,"Afternoon",12.65,112,138,0,0
265,1,1,NA,2017,NA,3,40,9,528,802.13054455,10,"8/3/2024",6,NA,2.45,NA,NA,0,NA
200,1,0,3,2017,1.820000052,120,147,4,528,479.9031723,10,"8/3/2024",6,"Evening",12.2,113,89,1,0
215,2,0,3,2017,3.599999905,111,57,8,528,627.6260806,10,"8/3/2024",6,"Evening",17,114,172,0,0
169,1,0,3,2017,2.099999905,121,135,4,528,458.7381441,10,"8/3/2024",6,"Afternoon",9.6,97,76,0,0
272,2,0,1,2017,NA,124,226,NA,528,436.28934925,10,"8/3/2024",6,"Morning",14.25,109,79,0,1
437,2,0,1,2019,NA,122,285,NA,508,758.1639007,10,"8/3/2024",4,"Evening",16.8,117,4,NA,NA
414,2,0,1,2019,3.349999905,104,142,6,508,671.319769,10,"8/3/2024",4,"Morning",16.45,109,110,0,0
365,2,1,3,2019,2.380000114,117,143,6,508,671.2181627,10,"8/3/2024",4,"Evening",13.55,109,65,0,NA
413,1,0,2,2019,1.909999967,104,69,9,508,468.35113825,10,"8/3/2024",4,"Morning",10.85,107,NA,0,0
420,1,1,2,2019,1.919999957,103,122,7,508,496.8618283,10,"8/3/2024",4,"Afternoon",10.35,112,NA,0,0
411,1,0,2,2019,2.220000029,108,88,8,508,499.1449125,10,"8/3/2024",4,"Evening",12.75,112,NA,0,1
374,1,0,3,2019,2,111,199,3,508,414.135072,10,"8/3/2024",4,"Afternoon",10.35,100,75,0,0
394,2,0,3,2019,2.180000067,107,201,3,508,683.2892144,10,"8/3/2024",4,"Morning",12.3,108,180,1,1
359,1,0,3,2019,2.400000095,121,141,6,508,505.9768761,10,"8/3/2024",4,"Afternoon",14.5,111,10,1,1
212,1,1,1,2017,1.720000029,112,85,6,528,266.27063055,10,"8/3/2024",6,"Evening",8.55,94,1,0,0
216,2,0,3,2017,2.799999952,108,137,4,528,877.8400883,10,"8/3/2024",6,"Afternoon",16.15,122,163,0,0
192,1,0,1,2017,2.799999952,122,103,5,528,744.0779815,10,"8/3/2024",6,"Morning",16.2,114,2,1,0
257,2,0,1,2017,2.349999905,103,121,5,528,594.03293655,10,"8/3/2024",6,"Evening",12.35,110,41,0,0
251,1,0,1,2017,2.730000019,106,74,7,528,614.5490403,10,"8/3/2024",6,"Evening",12.2,111,2,0,0
167,2,0,3,2017,2.505000114,121,67,8,528,707.0475908,10,"8/3/2024",6,"Afternoon",17.15,105,124,0,0
233,1,0,1,2017,2.299999952,106,134,4,528,518.7840882,10,"8/3/2024",6,"Morning",14,108,NA,1,0
239,2,1,3,2017,1.669999957,114,43,9,528,249.5782818,10,"8/3/2024",6,"Evening",9.75,98,98,0,0
16,1,0,1,2014,2.25,106,31,6,482,626.488051,11,"10/3/2024",9,"Morning",12.4,116,3,0,0
14,2,0,1,2014,2.339999914,117,70,4,482,644.18556505,11,"10/3/2024",9,"Morning",15.5,113,18,0,1
8,1,0,2,2014,2.099999905,109,8,8,482,504.66564535,11,"10/3/2024",9,"Morning",10.8,104,NA,1,0
17,2,0,3,2014,2.779999971,111,44,6,482,634.0621937,11,"10/3/2024",9,"Evening",16.25,112,164,1,0
13,2,0,3,2014,2.5,108,68,4,482,428.5952345,11,"10/3/2024",9,"Afternoon",12.9,105,136,0,0
4,1,1,1,2014,NA,110,63,5,482,252.7459204,11,"10/3/2024",9,"Morning",9.8,91,1,1,1
15,2,0,3,2014,2.950000048,106,55,5,482,590.68364915,11,"10/3/2024",9,"Afternoon",18.7,120,126,0,1
11,1,0,1,2014,2.299999952,108,88,3,482,585.15818575,11,"10/3/2024",9,"Afternoon",11.5,99,1,0,1
27,2,0,3,2014,NA,105,83,4,482,754.6241515,11,"10/3/2024",9,"Evening",18.25,121,147,0,0
21,1,0,2,2014,2.700000048,103,5,11,482,762.1315847,11,"10/3/2024",9,"Morning",13.5,102,1,1,0
19,2,1,3,2014,2,114,23,6,482,563.20167435,11,"10/3/2024",9,"Morning",13.35,111,54,0,0
6,2,1,3,2014,1.649999976,109,20,6,482,485.52388595,11,"10/3/2024",9,"Morning",10.3,102,77,0,0
12,2,0,1,2014,2.619999886,118,16,7,482,602.8417099,11,"10/3/2024",9,"Morning",14.8,115,22,0,0
23,2,0,3,2014,2.420000076,106,22,6,482,522.21656915,11,"10/3/2024",9,"Morning",14.5,111,127,0,0
29,1,0,2,2014,NA,103,38,6,482,383.1924545,11,"10/3/2024",9,NA,14.8,119,NA,0,NA
22,2,0,3,2014,2.880000114,106,105,2,482,356.50928275,11,"10/3/2024",9,"Morning",9.8,95,111,0,NA
171,1,0,1,2017,2.150000095,124,217,NA,528,573.2577082,11,"10/3/2024",6,"Afternoon",13.35,106,1,0,1
260,1,0,2,2017,NA,113,80,7,528,444.7059034,11,"10/3/2024",6,"Morning",13.05,113,NA,0,NA
198,1,0,1,2017,2.019999981,122,153,NA,528,396.23524085,11,"10/3/2024",6,"Morning",11.1,108,2,0,0
238,1,0,3,2017,2.680000067,116,127,4,528,410.919273,11,"10/3/2024",6,"Morning",13.85,115,77,1,0
246,2,0,3,2017,2.460000038,114,41,9,528,391.39502555,11,"10/3/2024",6,"Morning",10.5,103,93,0,0
240,1,1,3,2017,1.5,114,43,9,528,214.16570895,11,"10/3/2024",6,"Evening",6.7,95,43,0,NA
255,1,0,1,2017,2.099999905,110,140,4,528,477.68896115,11,"10/3/2024",6,"Afternoon",13.95,115,1,0,0
213,2,0,3,2017,2.75999999,117,106,5,528,814.82528495,11,"10/3/2024",6,"Evening",15.75,113,166,0,0
185,2,0,3,2017,2.980000019,123,178,NA,528,518.33972765,11,"10/3/2024",6,"Morning",16.05,115,168,0,NA
219,1,0,2,2017,2.230000019,113,115,5,528,465.3381524,11,"10/3/2024",6,"Morning",12.7,108,NA,0,0
218,2,0,3,2017,2.549999952,116,145,4,528,571.6091083,11,"10/3/2024",6,"Evening",15.05,119,162,0,0
346,2,0,3,2018,NA,119,170,4,378,821.81751685,11,"10/3/2024",5,"Afternoon",5.65,90,22,0,1
305,1,0,3,2018,2.599999905,114,225,NA,378,542.90230535,11,"10/3/2024",5,"Morning",14.4,108,93,1,1
308,2,0,3,2018,1.49000001,109,130,5,378,670.5660329,11,"10/3/2024",5,NA,11.2,102,124,0,NA
76,1,0,1,2015,NA,109,114,3,513,776.80635395,12,"10/3/2024",8,NA,13.2,108,1,0,0
41,1,0,1,2015,1.5,103,107,3,513,657.97453725,12,"10/3/2024",8,"Evening",10.75,105,8,0,0
40,2,0,3,2015,2.690000057,106,85,4,513,619.1857808,12,"10/3/2024",8,NA,12.65,111,145,0,0
74,2,0,3,2015,NA,99,38,7,513,367.54756145,12,"10/3/2024",8,NA,9.7,103,48,0,NA
36,2,0,3,2015,2.349999905,111,75,5,513,419.0644955,12,"10/3/2024",8,"Evening",13.95,110,125,1,0
37,2,0,3,2015,2,117,94,3,513,586.5784133,12,"10/3/2024",8,"Afternoon",11.5,102,118,0,0
45,2,0,3,2015,2.549999952,102,72,5,513,710.71560095,12,"10/3/2024",8,"Evening",14.95,119,105,1,0
73,2,0,3,2015,NA,65,30,7,513,423.1160272,12,"10/3/2024",8,NA,13,108,70,0,0
60,1,0,2,2015,2.150000095,101,18,8,513,500.2805107,12,"10/3/2024",8,"Afternoon",10.5,101,NA,0,NA
68,1,0,2,2015,NA,72,35,7,513,106.68995705,12,"10/3/2024",8,NA,6.4,NA,NA,0,0
33,1,0,2,2015,1.899999976,116,17,8,513,463.17386815,12,"10/3/2024",8,"Morning",11.55,106,NA,0,NA
38,1,0,2,2015,1.700000048,109,7,10,513,293.9545802,12,"10/3/2024",8,"Afternoon",5.75,88,NA,0,0
47,1,0,1,2015,1.649999976,110,81,5,513,590.73159395,12,"10/3/2024",8,"Afternoon",12,103,NA,1,0
42,1,0,2,2015,1.700000048,103,27,7,513,392.496064,12,"10/3/2024",8,"Morning",10.8,106,NA,0,0
75,2,0,3,2015,NA,74,8,9,513,642.81242905,12,"10/3/2024",8,NA,12.6,110,78,NA,0
65,2,1,3,2015,1.710000038,105,59,6,513,359.83176185,12,"10/3/2024",8,"Evening",7.65,96,56,0,0
32,2,0,3,2015,2.049999952,131,89,4,513,423.1112385,12,"10/3/2024",8,"Afternoon",12.6,103,94,0,0
71,1,0,2,2015,NA,95,113,3,513,609.4601059,12,"10/3/2024",8,NA,11.4,NA,NA,0,1
655,1,0,3,2022,2.180000067,103,290,2,510,476.80738025,12,"10/3/2024",1,"Morning",9.25,104,82,0,1
620,2,0,3,2022,1.789999962,117,254,4,510,416.93152515,12,"10/3/2024",1,"Evening",10.85,107,124,0,0
628,2,1,3,2022,1.809999943,115,249,4,510,407.8461593,12,"10/3/2024",1,"Afternoon",8.3,98,104,0,1
643,2,0,3,2022,2.430000067,107,179,7,510,569.24819895,12,"10/3/2024",1,"Afternoon",14.7,113,123,0,0
640,1,0,2,2022,2.75,115,262,4,510,545.1013206,12,"10/3/2024",1,"Morning",13.6,114,NA,1,0
596,1,0,3,2022,2.299999952,125,183,7,510,376.6582653,12,"10/3/2024",1,"Morning",12.55,105,98,0,1
608,1,0,1,2022,1.899999976,121,283,3,510,355.23246045,12,"10/3/2024",1,"Morning",10.95,105,1,0,1
654,1,0,2,2022,2.289999962,103,287,2,510,328.1960477,12,"10/3/2024",1,"Morning",10.15,102,NA,0,1
600,1,0,1,2022,2.220000029,123,242,4,510,391.84317295,12,"10/3/2024",1,"Morning",12,110,32,0,1
618,2,0,3,2022,2.089999914,118,260,NA,510,500.3158243,12,"10/3/2024",1,"Afternoon",11.95,107,148,0,0
604,1,0,1,2022,2.150000095,120,193,7,510,502.92761675,12,"10/3/2024",1,"Afternoon",10.6,105,2,0,1
662,1,0,1,2022,NA,120,304,2,510,483.89374375,12,"10/3/2024",1,"Morning",10.95,103,1,0,1
629,1,0,2,2022,2.269999981,112,236,4,510,548.20035825,12,"10/3/2024",1,"Morning",12.35,109,NA,0,1
630,1,0,2,2022,2.180000067,114,270,3,510,581.4466185,12,"10/3/2024",1,"Morning",11.15,106,NA,0,0
631,2,0,3,2022,1.75999999,110,68,12,510,579.83020625,12,"10/3/2024",1,"Afternoon",11.7,104,99,0,0
592,1,0,3,2022,1.649999976,122,141,9,510,448.53794655,12,"10/3/2024",1,"Morning",10.55,102,98,0,1
635,1,0,2,2022,2.710000038,108,274,3,510,387.43079595,12,"10/3/2024",1,"Morning",12.1,105,NA,0,1
624,2,0,3,2022,2.339999914,111,247,4,510,475.04572575,12,"10/3/2024",1,"Afternoon",12.8,110,148,0,0
638,1,1,1,2022,2.109999895,103,253,4,510,406.3454886,12,"10/3/2024",1,"Afternoon",10.05,103,NA,0,1
286,2,0,3,2018,1.580000043,113,166,4,378,735.0023525,13,"10/3/2024",5,"Evening",12.35,102,117,0,0
296,1,0,2,2018,1.679999948,111,189,3,378,630.26372045,13,"10/3/2024",5,NA,11.55,99,NA,1,1
290,1,0,1,2018,1.970000029,112,148,5,378,576.4066388,13,"10/3/2024",5,"Evening",12.15,103,4,1,1
343,2,0,3,2018,2.430000067,102,135,5,378,541.08482495,13,"10/3/2024",5,NA,12.85,109,102,0,0
350,2,0,3,2018,NA,123,90,7,378,586.89574105,13,"10/3/2024",5,"Morning",NA,110,173,1,0
323,2,0,3,2018,1.860000014,107,109,6,378,609.9352961,13,"10/3/2024",5,NA,10.95,99,62,0,1
306,1,0,1,2018,1.980000019,110,113,6,378,463.9270766,13,"10/3/2024",5,"Evening",13.8,113,1,1,1
354,1,0,1,2018,NA,128,112,6,378,415.2192454,13,"10/3/2024",5,"Morning",14.4,117,2,1,1
284,2,0,3,2018,2.279999971,113,99,6,378,651.7169202,13,"10/3/2024",5,"Afternoon",15.95,115,121,0,1
328,2,0,3,2018,2.720000029,106,73,8,378,678.65144455,13,"10/3/2024",5,NA,16.35,121,96,0,1
319,1,0,3,2018,2.5,107,194,3,378,625.7905663,13,"10/3/2024",5,"Evening",15.5,113,25,1,1
352,1,0,2,2018,NA,123,156,4,378,1075.736213,13,"10/3/2024",5,"Morning",NA,95,NA,0,1
315,1,0,2,2018,1.940000057,117,168,4,378,495.060222,13,"10/3/2024",5,"Morning",13,108,NA,1,0
322,1,0,3,2018,2.019999981,110,31,10,378,550.02895895,13,"10/3/2024",5,"Afternoon",13.05,113,75,1,1
335,1,0,2,2018,2.119999886,104,30,10,378,452.5719732,13,"10/3/2024",5,NA,11.6,107,NA,0,0
277,1,1,2,2018,1.5,121,152,5,378,499.597697,13,"10/3/2024",5,NA,12.65,108,NA,1,1
283,2,0,3,2018,2,124,138,5,378,481.29569235,13,"10/3/2024",5,"Morning",11.85,107,107,0,1
317,2,0,3,2018,1.820000052,112,214,3,378,514.6861325,13,"10/3/2024",5,"Afternoon",11.3,106,111,0,0
327,1,1,2,2018,1.74000001,108,122,6,378,626.5294669,13,"10/3/2024",5,"Evening",10.35,103,NA,1,0
483,2,0,3,2020,NA,129,3,NA,502,535.0248785,13,"10/3/2024",3,"Afternoon",15.4,109,141,0,1
469,1,0,2,2020,NA,127,264,2,502,525.25520335,13,"10/3/2024",3,"Afternoon",11.25,110,NA,0,0
470,1,0,1,2020,NA,127,261,7,502,601.87406815,13,"10/3/2024",3,"Morning",15.2,114,1,0,1
467,1,1,1,2020,NA,122,194,5,502,774.07809165,13,"10/3/2024",3,"Morning",13.25,109,NA,0,1
486,2,0,3,2020,NA,129,299,NA,502,521.50018515,13,"10/3/2024",3,"Afternoon",15.75,104,192,NA,1
440,2,0,3,2020,2.700000048,118,166,6,502,476.86168735,13,"10/3/2024",3,"Afternoon",13.8,109,121,0,1
489,2,0,1,2020,NA,129,206,4,502,632.4498878,13,"10/3/2024",3,"Morning",14.45,114,33,0,0
478,1,1,2,2020,NA,117,113,8,502,746.09220575,13,"10/3/2024",3,"Afternoon",11.4,114,NA,1,0
472,1,0,2,2020,NA,122,241,2,502,356.8457421,13,"10/3/2024",3,"Morning",8.1,106,NA,0,0
484,2,0,3,2020,NA,129,297,NA,502,559.89026505,13,"10/3/2024",3,"Afternoon",15.85,112,172,0,1
460,1,1,2,2020,NA,129,152,7,502,569.62170305,13,"10/3/2024",3,"Morning",10.8,106,NA,0,0
479,2,0,3,2020,NA,128,293,NA,502,516.21881385,13,"10/3/2024",3,"Morning",13.9,103,160,0,1
481,2,0,3,2020,NA,128,295,6,502,790.36989605,13,"10/3/2024",3,"Afternoon",18.95,121,194,0,1
448,2,1,3,2020,2.50999999,107,107,8,502,489.75606525,13,"10/3/2024",3,"Afternoon",10.15,105,110,0,1
475,2,0,3,2020,NA,125,243,2,502,442.67800255,13,"10/3/2024",3,"Afternoon",11.25,105,117,0,1
463,1,0,3,2020,NA,128,260,NA,502,691.29458045,13,"10/3/2024",3,"Morning",13,113,70,1,1
447,1,1,1,2020,2.279999971,108,205,4,502,376.86607395,13,"10/3/2024",3,"Afternoon",9.5,102,NA,1,1
461,2,0,3,2020,NA,129,212,4,502,734.18295555,13,"10/3/2024",3,"Morning",16.5,116,102,1,1
471,1,0,2,2020,NA,126,80,10,502,435.82614545,13,"10/3/2024",3,"Afternoon",12.6,109,NA,1,0
650,2,1,3,2022,1.700000048,110,234,4,510,332.7287583,14,"10/3/2024",1,"Afternoon",9.4,97,74,0,0
647,1,0,2,2022,2.390000105,106,250,4,510,355.04889045,14,"10/3/2024",1,"Morning",12.4,111,NA,0,1
619,2,0,1,2022,2.049999952,111,239,4,510,477.4058557,14,"10/3/2024",1,"Morning",12.85,106,41,0,0
594,1,0,1,2022,1.340000033,123,289,2,510,202.990874,14,"10/3/2024",1,"Afternoon",7.55,92,17,0,0
621,2,0,3,2022,2.400000095,117,281,3,510,432.42672135,14,"10/3/2024",1,"Afternoon",12.9,111,126,NA,0
634,2,0,1,2022,2.910000086,117,218,5,510,432.0641392,14,"10/3/2024",1,"Morning",14.15,117,15,0,0
664,2,0,1,2022,NA,122,291,2,510,526.3105358,14,"10/3/2024",1,"Morning",8.55,107,22,0,0
591,2,0,3,2022,2.00999999,124,238,4,510,411.009202,14,"10/3/2024",1,"Morning",14.3,108,141,0,1
605,2,0,3,2022,2.029999971,114,200,6,510,393.7307599,14,"10/3/2024",1,"Morning",12.8,110,151,0,1
646,2,0,3,2022,2.5,106,257,4,510,417.91479985,14,"10/3/2024",1,"Morning",12.6,110,153,0,0
607,1,0,2,2022,2.220000029,116,204,6,510,349.60485995,14,"10/3/2024",1,"Morning",12.5,110,NA,1,1
601,2,0,3,2022,2.299999952,121,173,8,510,195.7049699,14,"10/3/2024",1,"Evening",8.8,99,101,0,0
613,2,0,3,2022,1.480000019,114,266,3,510,278.2096622,14,"10/3/2024",1,"Morning",10.4,100,134,0,0
669,2,0,3,2022,NA,128,306,2,510,371.6030115,14,"10/3/2024",1,"Morning",6.7,97,66,0,1
668,1,0,2,2022,NA,128,1,NA,510,204.8896861,14,"10/3/2024",1,"Morning",7.65,93,NA,0,0
663,1,0,1,2022,NA,122,305,2,510,219.59016825,14,"10/3/2024",1,"Morning",9.1,97,NA,0,1
632,1,0,2,2022,1.649999976,111,245,4,510,325.4642359,14,"10/3/2024",1,"Morning",11.5,105,NA,0,1
660,2,0,3,2022,NA,91,128,9,510,485.82658235,14,"10/3/2024",1,"Morning",10.25,106,131,0,0
603,1,0,2,2022,2.619999886,114,252,4,510,363.3601913,14,"10/3/2024",1,"Morning",13.05,114,NA,0,1
625,1,0,2,2022,2.470000029,112,189,7,510,449.21289315,14,"10/3/2024",1,"Morning",12.15,110,NA,0,1
321,2,0,3,2018,2.279999971,112,86,7,378,481.4804016,14,"10/3/2024",5,"Afternoon",15,113,196,1,1
285,2,0,3,2018,1.950000048,113,105,6,378,342.4772297,14,"10/3/2024",5,NA,10.7,97,109,0,0
287,1,0,2,2018,1.620000005,113,184,3,378,442.7539602,14,"10/3/2024",5,"Evening",10.95,104,NA,1,0
329,1,0,1,2018,2.74000001,115,127,5,378,308.0835859,14,"10/3/2024",5,"Morning",14.95,114,1,1,1
298,1,0,1,2018,1.940000057,110,133,5,378,448.1279862,14,"10/3/2024",5,NA,13.6,111,NA,1,1
311,1,0,1,2018,2.579999924,109,92,7,378,447.7075404,14,"10/3/2024",5,"Evening",15.65,114,15,1,1
281,2,0,3,2018,2.549999952,111,215,NA,378,386.1159149,14,"10/3/2024",5,"Morning",12.45,110,88,0,0
342,1,0,1,2018,2.609999895,104,74,8,378,438.11458715,14,"10/3/2024",5,"Evening",12.5,111,4,1,0
289,2,1,3,2018,1.850000024,113,58,9,378,609.4759248,14,"10/3/2024",5,"Evening",11.9,106,143,1,1
304,1,0,3,2018,2.369999886,114,192,3,378,437.71354125,14,"10/3/2024",5,"Morning",11.85,111,85,1,1
282,2,0,3,2018,2.099999905,115,21,10,378,468.42962955,14,"10/3/2024",5,"Evening",14,111,86,0,0
313,1,0,2,2018,1.320000052,108,50,9,378,555.03483715,14,"10/3/2024",5,NA,12.25,105,NA,1,1
341,2,0,3,2018,2.069999933,104,77,8,378,505.00642145,14,"10/3/2024",5,"Evening",10.7,108,115,0,1
294,2,0,3,2018,2.319999933,112,107,6,378,551.85448305,14,"10/3/2024",5,"Evening",13.8,113,120,0,NA
337,1,0,1,2018,2.640000105,104,134,5,378,502.2965612,14,"10/3/2024",5,NA,13.35,109,NA,0,1
351,2,0,3,2018,NA,123,261,5,378,597.20137905,14,"10/3/2024",5,"Morning",15.2,113,167,0,1
310,1,1,1,2018,1.379999995,113,226,NA,378,364.51083125,14,"10/3/2024",5,"Morning",8.2,98,3,0,1
340,1,0,1,2018,2.099999905,108,227,NA,378,352.9595223,14,"10/3/2024",5,"Morning",13.15,111,1,0,1
356,1,0,2,2018,NA,123,165,4,378,636.4693364,14,"10/3/2024",5,"Morning",11.4,107,NA,1,1
441,2,1,3,2020,1.960000038,121,101,8,502,434.5176724,15,"11/3/2024",3,"Afternoon",14.2,111,113,0,0
450,1,0,2,2020,3.950000048,106,253,2,502,566.99667355,15,"11/3/2024",3,"Afternoon",11.6,110,NA,1,1
482,2,0,3,2020,NA,129,296,NA,502,417.6201565,15,"11/3/2024",3,"Afternoon",15.9,111,160,NA,1
480,1,0,3,2020,NA,128,294,8,502,381.1505036,15,"11/3/2024",3,"Afternoon",13.25,104,117,0,1
477,2,0,3,2020,NA,123,202,4,502,478.6191387,15,"11/3/2024",3,"Afternoon",16.95,113,165,0,1
446,1,1,1,2020,2.309999943,108,205,4,502,316.10632045,15,"11/3/2024",3,"Afternoon",9.1,99,2,0,1
443,1,0,1,2020,2.859999895,115,184,5,502,379.0100083,15,"11/3/2024",3,"Afternoon",12.45,115,1,1,1
466,1,0,2,2020,NA,122,179,5,502,412.555176,15,"11/3/2024",3,"Afternoon",11.8,106,NA,1,0
444,2,0,3,2020,4.050000191,109,201,4,502,545.3436824,15,"11/3/2024",3,"Afternoon",18,120,202,0,0
485,2,0,3,2020,NA,129,298,NA,502,556.06089885,15,"11/3/2024",3,"Afternoon",14.25,111,170,NA,NA
459,2,0,3,2020,NA,130,220,3,502,361.98680845,15,"11/3/2024",3,"Morning",14.8,112,140,0,1
488,1,1,1,2020,NA,131,158,6,502,426.0713186,15,"11/3/2024",3,"Afternoon",13.7,107,2,0,1
449,2,1,3,2020,2.529999971,107,107,8,502,443.3628723,15,"11/3/2024",3,"Afternoon",10.15,106,87,0,1
455,1,0,1,2020,NA,133,195,5,502,211.05907705,15,"11/3/2024",3,"Afternoon",13.5,113,NA,0,1
473,1,0,2,2020,NA,127,133,7,502,370.93403695,15,"11/3/2024",3,"Evening",16,114,NA,0,1
453,1,0,3,2020,NA,135,259,3,502,281.0968747,15,"11/3/2024",3,"Afternoon",10.05,98,80,0,1
445,2,1,3,2020,3.049999952,108,167,6,502,398.57504385,15,"11/3/2024",3,"Afternoon",14.3,111,91,0,0
458,1,0,2,2020,NA,130,192,5,502,379.01677145,15,"11/3/2024",3,"Morning",14.45,113,NA,1,0
457,2,0,3,2020,NA,130,215,NA,502,334.6022823,15,"11/3/2024",3,"Morning",10.4,103,94,0,0
452,2,0,3,2020,NA,140,156,6,502,510.81072685,15,"11/3/2024",3,"Morning",14.7,106,117,0,0
616,1,0,1,2022,2.049999952,113,241,4,510,379.45706605,15,"11/3/2024",1,"Morning",12,110,NA,1,0
641,2,0,3,2022,1.789999962,109,255,4,510,325.1329495,15,"11/3/2024",1,"Morning",8.85,100,140,0,0
627,2,1,3,2022,1.190000057,115,249,4,510,55.53041503,15,"11/3/2024",1,"Afternoon",5.55,82,42,0,0
623,2,0,3,2022,1.840000033,117,272,3,510,364.1212186,15,"11/3/2024",1,"Afternoon",8.6,100,78,NA,1
659,1,0,1,2022,NA,99,164,8,510,379.0337978,15,"11/3/2024",1,"Morning",11.25,105,2,1,1
665,1,0,1,2022,NA,122,2,NA,510,348.72719025,15,"11/3/2024",1,"Afternoon",15.1,102,6,0,1
633,1,1,3,2022,1.710000038,115,302,5,510,459.3579344,15,"11/3/2024",1,"Afternoon",12.25,107,90,0,0
615,1,0,2,2022,2.349999905,112,102,10,510,278.06764345,15,"11/3/2024",1,"Morning",8.75,101,NA,0,0
597,1,0,2,2022,2,116,269,3,510,443.3686386,15,"11/3/2024",1,"Afternoon",12,107,NA,1,1
649,1,0,2,2022,2.299999952,104,292,3,510,452.20389625,15,"11/3/2024",1,"Morning",9.95,104,NA,0,1
648,1,0,2,2022,2.029999971,106,190,7,510,133.0423485,15,"11/3/2024",1,"Morning",5.3,90,NA,0,0
656,1,0,1,2022,3.650000095,109,93,10,510,470.26721835,15,"11/3/2024",1,"Morning",11.65,107,2,0,0
609,1,0,3,2022,1.620000005,115,267,3,510,416.36084895,15,"11/3/2024",1,"Morning",10.2,103,74,0,0
636,2,0,3,2022,2.869999886,110,172,8,510,403.21296875,15,"11/3/2024",1,"Morning",15.45,115,145,0,1
610,2,1,3,2022,1.779999971,113,203,6,510,581.90387635,15,"11/3/2024",1,"Afternoon",11.55,107,57,0,1
642,1,0,2,2022,1.820000052,107,276,3,510,372.2213448,15,"11/3/2024",1,"Afternoon",10.6,107,NA,1,1
667,2,0,1,2022,NA,126,301,1,510,327.30250775,15,"11/3/2024",1,"Evening",6.8,95,24,0,0
658,1,0,1,2022,NA,93,210,6,510,409.5899723,15,"11/3/2024",1,"Afternoon",10.3,103,5,0,0
612,2,0,3,2022,2.339999914,118,232,4,510,553.3086728,15,"11/3/2024",1,"Evening",12.5,114,107,0,0
318,2,0,1,2018,2.619999886,112,80,8,378,459.4535802,16,"11/3/2024",5,"Morning",14.05,114,NA,0,1
307,2,0,3,2018,1.480000019,111,118,6,378,610.14701675,16,"11/3/2024",5,"Afternoon",13.8,111,101,0,1
314,1,0,1,2018,2.319999933,110,117,6,378,528.94950205,16,"11/3/2024",5,"Afternoon",14,116,NA,0,1
309,1,1,1,2018,1.299999952,113,226,NA,378,511.3403887,16,"11/3/2024",5,"Morning",9,97,1,0,1
302,2,0,3,2018,1.389999986,110,75,8,378,619.55251325,16,"11/3/2024",5,"Evening",11.5,103,100,0,0
330,1,0,2,2018,2.069999933,108,88,7,378,438.0308142,16,"11/3/2024",5,"Afternoon",12.2,108,NA,1,1
295,2,0,3,2018,1.950000048,111,10,11,378,340.4187692,16,"11/3/2024",5,NA,10.7,104,101,0,0
300,2,0,3,2018,1.629999995,110,195,3,378,416.55430575,16,"11/3/2024",5,NA,11.45,101,91,0,1
348,2,0,3,2018,NA,119,68,8,378,501.07709265,16,"11/3/2024",5,"Evening",15.25,113,93,0,1
288,2,0,3,2018,2.25999999,113,143,5,378,624.22546775,16,"11/3/2024",5,NA,15.1,116,99,0,NA
334,2,1,3,2018,2.089999914,105,163,4,378,449.6281158,16,"11/3/2024",5,"Evening",8.75,99,82,NA,NA
336,2,1,3,2018,1.710000038,105,196,NA,378,601.22497435,16,"11/3/2024",5,NA,13.8,109,123,0,0
279,2,0,3,2018,2.200000048,122,94,6,378,300.9488947,16,"11/3/2024",5,"Morning",11.4,105,67,0,1
299,1,0,1,2018,1.74000001,110,190,3,378,403.21868785,16,"11/3/2024",5,NA,8.8,97,1,0,1
324,2,1,1,2018,1.320000052,116,91,7,378,444.7042721,16,"11/3/2024",5,"Morning",11.95,106,27,0,1
349,1,0,3,2018,NA,121,53,9,378,576.93509595,16,"11/3/2024",5,"Afternoon",13.3,114,96,1,1
316,2,0,3,2018,1.649999976,108,204,2,378,467.19701965,16,"11/3/2024",5,NA,11.4,106,72,0,1
338,1,0,1,2018,1.480000019,108,224,2,378,318.86469165,16,"11/3/2024",5,"Morning",9.45,96,NA,0,1
320,1,0,3,2018,2.049999952,107,167,4,378,491.9431919,16,"11/3/2024",5,"Evening",12,109,102,1,0
339,1,0,1,2018,2.529999971,97,102,6,378,595.04501715,16,"11/3/2024",5,"Evening",12.15,112,NA,1,1
280,1,0,1,2018,2,125,173,4,378,386.46166425,16,"11/3/2024",5,"Morning",13.15,104,NA,1,1
70,1,0,2,2015,NA,94,9,9,513,492.2298149,16,"11/3/2024",8,NA,11.8,NA,NA,0,0
61,1,0,2,2015,2.349999905,98,74,5,513,378.02631475,16,"11/3/2024",8,"Evening",11.15,109,NA,0,0
48,1,1,2,2015,1.409999967,103,20,7,513,327.120963,16,"11/3/2024",8,"Afternoon",5.9,89,NA,0,0
54,1,0,2,2015,2.099999905,98,14,8,513,593.0148515,16,"11/3/2024",8,"Afternoon",10.45,105,NA,0,NA
52,1,0,2,2015,2.339999914,99,25,7,513,546.88873745,16,"11/3/2024",8,"Evening",11.2,109,NA,0,0
34,2,0,3,2015,2.74000001,110,46,6,513,631.9972631,16,"11/3/2024",8,"Afternoon",17.05,113,187,0,0
43,1,0,1,2015,1.700000048,103,109,3,513,414.09622905,16,"11/3/2024",8,"Afternoon",10.2,100,2,0,1
56,1,1,1,2015,1.75,98,31,7,513,194.1232348,16,"11/3/2024",8,"Afternoon",7.3,101,1,0,0
51,2,0,3,2015,2.299999952,102,22,7,513,575.3623763,16,"11/3/2024",8,"Afternoon",14.15,110,155,0,0
72,2,0,NA,2015,4.449999809,0,39,7,513,783.72970145,16,"11/3/2024",8,NA,4.45,NA,NA,0,NA
476,2,1,3,2020,NA,123,137,7,502,427.67268895,16,"11/3/2024",3,NA,10.65,105,147,0,0
468,1,1,1,2020,NA,122,194,5,502,470.81408995,16,"11/3/2024",3,"Morning",12.55,110,NA,1,1
456,1,0,3,2020,NA,132,240,2,502,380.12306595,16,"11/3/2024",3,"Morning",12.25,111,96,0,1
451,2,1,3,2020,2.670000076,106,74,10,502,433.57712865,16,"11/3/2024",3,"Afternoon",10.8,106,61,0,0
462,2,0,3,2020,NA,128,165,6,502,540.13081265,16,"11/3/2024",3,"Morning",15.7,111,121,0,1
464,1,0,1,2020,NA,128,229,2,502,372.51108565,16,"11/3/2024",3,"Evening",11.5,104,NA,1,0
487,2,0,3,2020,NA,129,226,NA,502,524.9687754,16,"11/3/2024",3,"Morning",14.3,114,169,0,NA
474,2,0,3,2020,NA,126,227,NA,502,511.3420952,16,"11/3/2024",3,"Morning",12.65,111,94,0,1
661,2,0,1,2022,NA,33,205,6,510,819.53606405,17,"11/3/2024",1,"Morning",7.2,103,13,0,1
639,2,0,3,2022,1.799999952,108,279,3,510,141.28958055,17,"11/3/2024",1,"Morning",7.05,95,56,0,0
637,2,0,3,2022,2.789999962,114,195,7,510,381.4593949,17,"11/3/2024",1,"Evening",12.65,106,125,0,1
645,1,0,1,2022,2.220000029,108,282,3,510,374.3999885,17,"11/3/2024",1,"Morning",11.1,109,1,0,1
626,1,0,3,2022,2.039999962,108,248,4,510,336.63813975,17,"11/3/2024",1,"Morning",10.75,108,66,0,0
614,2,0,3,2022,2.599999905,118,223,5,510,529.2225111,17,"11/3/2024",1,"Afternoon",15.35,110,184,0,0
593,2,0,3,2022,2.390000105,125,265,5,510,502.84340175,17,"11/3/2024",1,"Evening",16.7,115,133,0,0
599,1,0,2,2022,1.820000052,122,219,5,510,237.0503497,17,"11/3/2024",1,"Afternoon",11.05,106,NA,1,0
602,2,0,3,2022,2.430000067,123,230,4,510,456.7898743,17,"11/3/2024",1,"Morning",15.9,115,52,0,0
644,2,0,3,2022,2.289999962,108,278,3,510,323.236083,17,"11/3/2024",1,"Morning",11.05,105,103,0,0
606,1,0,3,2022,1.470000029,120,215,NA,510,237.0388231,17,"11/3/2024",1,"Evening",6.9,96,47,0,0
652,2,0,3,2022,2.079999924,111,286,2,510,284.0323368,17,"11/3/2024",1,"Morning",9,95,102,0,1
651,2,1,3,2022,1.580000043,110,234,4,510,220.0677018,17,"11/3/2024",1,"Afternoon",6.65,88,51,0,0
595,2,0,3,2022,1.899999976,123,258,4,510,481.7360617,17,"11/3/2024",1,"Evening",11.4,106,132,0,0
617,1,0,1,2022,2.140000105,112,184,7,510,338.1517592,17,"11/3/2024",1,"Afternoon",12.3,110,4,1,1
653,2,0,3,2022,2.089999914,103,288,2,510,258.74490235,17,"11/3/2024",1,"Morning",7.4,99,58,0,0
666,1,0,1,2022,NA,126,109,10,510,524.7050338,17,"11/3/2024",1,"Evening",10.1,101,1,0,0
657,2,0,3,2022,NA,96,161,8,510,221.2430554,17,"11/3/2024",1,"Morning",8.5,97,109,0,0
622,1,1,2,2022,1.99000001,117,163,8,510,474.1769424,17,"11/3/2024",1,"Afternoon",11.75,104,NA,0,1
442,1,0,1,2020,3.599999905,116,102,8,502,451.9557513,17,"11/3/2024",3,"Afternoon",13.2,107,1,1,1
454,2,0,3,2020,NA,135,211,4,502,442.60435475,17,"11/3/2024",3,"Morning",14.5,111,200,0,0
465,1,0,2,2020,NA,127,254,2,502,231.9956725,17,"11/3/2024",3,"Afternoon",7.8,95,NA,0,0
292,1,0,2,2018,1.899999976,112,49,9,378,305.14110605,17,"11/3/2024",5,NA,8.1,99,NA,0,1
291,1,0,2,2018,1.399999976,112,179,3,378,394.0680135,17,"11/3/2024",5,"Evening",9.4,97,NA,0,0
347,2,0,3,2018,NA,119,191,3,378,797.61805715,17,"11/3/2024",5,NA,11.5,109,91,0,1
326,1,1,2,2018,1.179999948,108,122,6,378,296.9957973,17,"11/3/2024",5,"Evening",7.4,95,NA,0,0
355,1,0,1,2018,NA,119,185,3,378,672.01303965,17,"11/3/2024",5,"Afternoon",11.2,110,2,1,1
297,1,0,2,2018,1.940000057,115,181,3,378,455.71691105,17,"11/3/2024",5,"Morning",13.35,109,NA,1,1
344,1,0,1,2018,2.410000086,102,159,4,378,581.8703785,17,"11/3/2024",5,NA,14.15,112,1,1,1
301,1,0,3,2018,2.099999905,110,128,5,378,650.3176917,17,"11/3/2024",5,"Evening",13.15,111,108,0,0
312,2,1,3,2018,1.539999962,109,79,8,378,530.2326019,17,"11/3/2024",5,"Evening",9.05,106,83,0,0
331,1,0,2,2018,1.600000024,106,187,3,378,231.37897145,17,"11/3/2024",5,NA,5.25,91,NA,0,0
345,1,0,3,2018,1.799999952,99,161,4,378,510.05799635,17,"11/3/2024",5,"Afternoon",9.15,98,78,0,1
278,2,0,3,2018,1.879999995,120,101,6,378,652.65463265,17,"11/3/2024",5,"Afternoon",13.25,110,85,0,1
293,2,0,3,2018,2.140000105,121,106,6,378,413.06238505,17,"11/3/2024",5,"Morning",12.75,108,134,0,0
353,2,0,3,2018,NA,128,211,2,378,421.78398315,17,"11/3/2024",5,"Morning",8.25,97,118,0,0
303,2,0,3,2018,1.639999986,109,186,3,378,467.2260301,17,"11/3/2024",5,NA,9.7,107,91,0,0
333,2,0,3,2018,2.150000095,106,36,10,378,576.5495085,17,"11/3/2024",5,"Evening",13.2,112,159,0,1
332,1,0,3,2018,2.059999943,115,129,5,378,432.97720805,17,"11/3/2024",5,"Morning",13.85,107,15,0,1
598,2,1,1,2022,1.539999962,122,154,9,510,500.0059093,18,"11/3/2024",1,"Afternoon",11.85,106,20,0,0
611,2,0,3,2022,2.430000067,112,263,4,510,394.9514589,18,"11/3/2024",1,"Morning",14,111,101,0,1
325,1,0,3,2018,1.889999986,108,39,10,378,399.41305535,18,"11/3/2024",5,NA,11.55,105,83,1,1
28,2,0,3,2014,NA,100,29,6,482,566.80996505,18,"11/3/2024",9,NA,13.4,104,104,1,NA
25,1,0,1,2014,3.400000095,104,6,11,482,344.6125437,18,"11/3/2024",9,"Morning",9.95,104,1,1,0
30,2,0,3,2014,NA,70,128,1,482,459.05947595,18,"11/3/2024",9,NA,6.6,85,39,0,0
9,1,0,3,2014,2.269999981,119,37,6,482,539.6616686,18,"11/3/2024",9,"Morning",16.3,112,116,0,1
20,2,0,3,2014,2,114,69,4,482,426.84500465,18,"11/3/2024",9,"Morning",15.8,116,92,0,0
10,1,0,2,2014,2.799999952,111,85,3,482,541.2975399,18,"11/3/2024",9,"Morning",14.05,113,NA,1,0
7,1,0,2,2014,1.830000043,109,102,2,482,389.25161965,18,"11/3/2024",9,"Morning",11.1,104,NA,1,0
5,2,0,3,2014,2.400000095,120,49,5,482,538.24370205,18,"11/3/2024",9,"Morning",18.65,117,80,1,1
77,2,0,3,2015,NA,124,16,8,513,547.7104583,18,"11/3/2024",8,"Afternoon",10.7,105,111,0,NA
57,1,0,1,2015,2.549999952,108,60,6,513,510.8505858,18,"11/3/2024",8,"Evening",12.4,107,1,0,0
58,1,0,3,2015,2.839999914,106,47,6,513,401.52753895,18,"11/3/2024",8,"Afternoon",13.9,112,71,0,NA
69,1,0,1,2015,NA,101,83,5,513,511.14327285,18,"11/3/2024",8,"Afternoon",14.6,115,NA,1,0
39,2,0,3,2015,1.899999976,106,143,2,513,379.3749669,18,"11/3/2024",8,"Afternoon",11.1,NA,62,0,NA
67,2,0,3,2015,2.75,102,34,7,513,485.39918925,18,"11/3/2024",8,"Afternoon",11.35,106,142,0,NA
53,2,0,3,2015,3.299999952,99,122,3,513,512.3706031,18,"11/3/2024",8,"Evening",13.35,118,131,0,NA
55,2,0,3,2015,1.700000048,98,40,7,513,583.20180215,18,"11/3/2024",8,"Afternoon",9.95,101,139,0,NA
63,2,0,3,2015,1.850000024,105,145,2,513,492.7605373,18,"11/3/2024",8,"Afternoon",7.05,98,44,0,NA
44,2,0,3,2015,2.400000095,111,197,NA,513,529.55970035,18,"11/3/2024",8,"Afternoon",12.05,110,135,0,0
46,1,0,3,2015,1.980000019,101,65,6,513,410.8778264,18,"11/3/2024",8,"Afternoon",10.55,104,78,0,0
62,2,0,3,2015,2.400000095,97,126,3,513,522.65746705,18,"11/3/2024",8,"Afternoon",11.4,110,64,0,NA
64,1,0,3,2015,2.359999895,98,12,8,513,472.08387785,18,"11/3/2024",8,"Evening",10.9,111,80,0,0
49,1,1,2,2015,1.549999952,103,20,7,513,331.01985415,18,"11/3/2024",8,"Afternoon",6.35,87,NA,0,0
59,2,0,3,2015,2.619999886,98,78,5,513,529.1298709,18,"11/3/2024",8,"Evening",14.9,114,113,0,0
115,2,0,3,2016,3.25,109,92,5,444,555.9302754,18,"11/3/2024",7,"Morning",17.45,112,146,1,1
35,1,0,2,2015,2.24000001,117,13,8,513,468.6216043,18,"11/3/2024",8,"Afternoon",10.95,109,NA,0,0
3,1,0,2,2014,2.599999905,111,57,5,482,583.5442259,18,"11/3/2024",9,"Afternoon",13.8,105,NA,1,1
26,1,0,3,2014,2.609999895,100,78,4,482,596.81106405,18,"11/3/2024",9,"Morning",11.7,111,81,1,1
2,2,0,3,2014,2.099999905,111,45,5,482,567.56358005,18,"11/3/2024",9,"Morning",13.2,107,104,0,NA
18,2,1,3,2014,1.850000024,105,79,4,482,476.7582466,18,"11/3/2024",9,"Morning",10.9,101,125,0,0
66,2,0,3,2015,1.850000024,95,32,7,513,567.5348039,18,"11/3/2024",8,"Afternoon",11.3,109,86,0,NA
50,2,0,3,2015,1.950000048,102,15,8,513,308.97864305,18,"11/3/2024",8,"Evening",7.8,105,55,0,0
31,1,0,1,2014,NA,119,54,5,482,518.0889063,18,"11/3/2024",9,"Morning",14.3,111,NA,1,0
24,1,1,1,2014,1.620000005,104,91,3,482,449.3240411,18,"11/3/2024",9,"Morning",12.95,106,1,1,1
1,1,0,2,2014,1.700000048,116,96,2,482,453.2812692,18,"11/3/2024",9,"Morning",12.95,110,NA,1,1
